,Products,Rating,Price
0,"Apple iPhone 11 (Black, 64 GB)",4.7,68300
1,"Apple iPhone SE (Black, 64 GB)",4.5,42500
2,"Apple iPhone 11 (White, 64 GB)",4.7,68300
3,"Apple iPhone 7 (Black, 32 GB)",4.5,29499
4,"Apple iPhone XR (White, 64 GB)",4.6,52500
5,"Apple iPhone XR (Black, 64 GB)",4.6,52500
6,"Apple iPhone SE (White, 64 GB)",4.5,42500
7,"Apple iPhone SE (Red, 64 GB)",4.5,42500
8,"Apple iPhone 11 (Black, 128 GB)",4.7,73600
9,"Apple iPhone 11 (Green, 64 GB)",4.7,68300
10,"Apple iPhone SE (Black, 128 GB)",4.5,47800
11,"Apple iPhone 11 (White, 128 GB)",4.7,73600
12,Flipkart SmartBuy Tempered Glass Guard for Apple iPhone...,3.4,179
13,RhinoShield Screen Guard for Apple iPhone 11 Pro,4.7,1299
14,"Apple iPhone 11 (Green, 128 GB)",4.7,73600
15,"Apple iPhone 11 (Purple, 128 GB)",4.5,73600
16,"Apple iPhone SE (White, 128 GB)",4.6,47800
17,"Apple iPhone XR (Coral, 64 GB)",4.5,52500
18,"Apple iPhone SE (Red, 128 GB)",4.5,47800
19,Raptas Case Accessory Combo for All Smartphone and IOS,4.7,1559
20,"Apple iPhone 7 Plus (Black, 32 GB)",4.7,36999
21,"Apple iPhone 11 (Red, 128 GB)",4.6,73600
22,"Apple iPhone 11 (Purple, 64 GB)",4.6,68300
23,RhinoShield Screen Guard for Apple iPhone 11 Pro Max,4.7,1299
24,"Apple iPhone XR (Blue, 128 GB)",4.5,57800
25,"Apple iPhone XR (Black, 128 GB)",4.1,57800
26,"Apple iPhone 11 (Red, 64 GB)",4.7,68300
27,"Apple iPhone 7 Plus (Gold, 32 GB)",4.5,36999
28,FIRST IMPRESSION Front and Back Tempered Glass for Appl...,4.5,199
29,Raptas Docking Station Accessory Combo for Mobile,4.7,1129
30,"Apple iPhone XS (Space Grey, 64 GB)",4.7,62999
31,"Apple iPhone 6s (Space Grey, 32 GB)",4.7,29900
32,"Apple iPhone 7 Plus (Rose Gold, 32 GB)",4.7,36999
33,Supreno Docking Station Accessory Combo for All Smartph...,4.7,599
34,"Apple iPhone 11 Pro (Gold, 64 GB)",4.7,106600
35,"Apple iPhone 11 Pro Max (Space Grey, 64 GB)",5.0,117100
36,"Apple iPhone 11 Pro (Midnight Green, 256 GB)",5.0,121300
37,"Apple iPhone 11 Pro (Space Grey, 256 GB)",4.1,121300
38,"Apple iPhone 11 Pro Max (Gold, 64 GB)",5.0,117100
39,Supreno Docking Station Accessory Combo for All Smartph...,5.0,699
40,"Apple iPhone 8 (PRODUCT)RED (Red, 256 GB)",4.5,62999
41,"Apple iPhone 11 Pro Max (Silver, 64 GB)",4.0,199
42,"Apple iPhone 8 Plus (PRODUCT)RED (Red, 64 GB)",1.0,29900
43,RhinoShield Screen Guard for Apple iPhone 11 Pro,4.5,29499
44,"Apple iPhone 11 Pro (Silver, 512 GB)",5.0,36999
45,"Apple iPhone 11 Pro Max (Midnight Green, 64 GB)",5.0,56999
46,"Apple iPhone 11 Pro (Space Grey, 64 GB)",4.5,117100
47,"Apple iPhone 8 Plus (Space Grey, 64 GB)",5.0,52990
48,"Apple iPhone 11 Pro (Gold, 256 GB)",1.0,1299
49,Raptas Case Accessory Combo for All Smartphone and IOS,4.7,140300
50,"Apple iPhone XS (Space Grey, 512 GB)",4.7,117100
51,"Apple iPhone 8 Plus (Silver, 256 GB)",4.6,106600
52,"RhinoShield Tempered Glass Guard for Apple iPhone 7, Ap...",4.7,52990
53,RhinoShield Screen Guard for Apple iPhone 11 Pro Max,4.7,121300
54,"Apple iPhone 8 Plus (Gold, 256 GB)",4.7,1559
55,"Apple iPhone 8 Plus (Gold, 64 GB)",4.6,134900
56,"Apple iPhone 8 (Gold, 256 GB)",4.7,67990
57,"Apple iPhone 8 (Silver, 256 GB)",4.7,1299
58,"Apple iPhone 7 (Rose Gold, 256 GB)",4.6,1299
59,Ravbelli Edge To Edge Tempered Glass for Apple iPhone 6...,4.6,67990
60,"Apple iPhone 6s Plus (Space Grey, 16 GB)",4.6,76000
61,"Apple iPhone 7 Plus (Gold, 128 GB)",4.5,57990
62,"Apple iPhone XS (Silver, 512 GB)",4.5,57990
63,Ravbelli Edge To Edge Tempered Glass for Apple Iphone 6...,4.5,47490
64,"Apple iPhone X (Silver, 256 GB)",4.4,199
65,"Dainty Tempered Glass Guard for Apple iPhone SE 2020, A...",4.5,42990
66,"Dainty Tempered Glass Guard for Apple iPhone SE 2020, A...",4.7,46344
67,Tiger MAX Tempered Glass Guard for Apple iPhone 7,4.6,124490
68,PR SMART Front and Back Tempered Glass for Apple iPhone...,3.9,199
69,Raptas Earphone Cable Organizer Accessory Combo for Mob...,3.8,84990
70,FIRST IMPRESSION Front and Back Tempered Glass for Appl...,3.9,199
71,RUNEECH Back Tempered Glass for Apple iPhone 6 Plus,3.7,199
72,Dainty Tempered Glass Guard for Apple iPhone 7 Plus,4.0,199
73,Raptas Docking Station Accessory Combo for Mobile,3.8,197
74,Tiger MAX Screen Guard for Apple Iphone 8,4.2,479
75,BlackBug Back Screen Guard for Apple iPhone 5s,4.2,199
76,Bodoma Back Screen Guard for Apple Iphone 11,3.9,149
77,FIRST IMPRESSION Front and Back Tempered Glass for Appl...,3.5,199
78,Payswell Tempered Glass Guard for Apple iPhone XR,4.6,1129
79,Supreno Docking Station Accessory Combo for All Smartph...,5.0,299
80,Dainty Tempered Glass Guard for Apple iPhone 6s Plus,5.0,107
81,Power Tempered Glass Guard for Apple iPhone SE,3.9,179
82,ACUTAS Back Screen Guard for Protector Film Carbon Fibe...,5.0,199
83,RhinoShield Screen Guard for Apple iPhone 11 Pro,5.0,199
84,ROAR Multicolor JOY_642J Lightning Adapter Iphone Split...,4.4,599
85,Karpine Edge To Edge Tempered Glass for Apple iPhone 11...,5.0,52990
86,ACUTAS Screen Guard for Back camera Lens Apple iPhone 7...,5.0,199
87,SHIELD Tempered Glass Guard for Apple iPhone 5s,4.5,42990
88,Power Tempered Glass Guard for Apple iPhone SE,5.0,47490
89,Raptas Case Accessory Combo for All Smartphone and IOS,5.0,42500
90,Power Tempered Glass Guard for Apple iPhone 5s,4.5,199
91,Tiger MAX Tempered Glass Guard for Apple iPhone 7 Plus,5.0,189
92,"Kapaver Tempered Glass Guard for Apple iPhone 6 Plus, A...",1.0,119
93,RhinoShield Screen Guard for Apple iPhone 11 Pro Max,3.7,1299
94,"Dainty Tempered Glass Guard for Apple iPhone SE 2020, A...",3.6,349
95,PR SMART Front and Back Tempered Glass for Apple iPhone...,3.6,259
96,Trajectory Universal Travel Adapter and Iphone USB Cabl...,3.5,99
97,Power Tempered Glass Guard for Apple iPhone 6s,3.5,189
98,FIRST IMPRESSION Tempered Glass Guard for Apple iPhone ...,3.0,189
99,Ravbelli Edge To Edge Tempered Glass for Apple iPhone 6...,3.8,1559
100,Jabox Edge To Edge Tempered Glass for Apple iPhone 6,4.1,189
101,RiverForest Tempered Glass Guard for apple iphone 11 pr...,3.7,199
102,BlackBug Back Screen Guard for Apple iPhone SE,4.1,199
103,Ravbelli Edge To Edge Tempered Glass for Apple Iphone 6...,4.4,1299
104,Power Tempered Glass Guard for Apple iPhone SE,3.1,199
105,Marshland Tempered Glass Guard for Tempered Glass Guard...,4.2,259
106,ELEF Tempered Glass Guard for Anti Blueray Eyes Protect...,4.0,499
107,"Micgeek Tempered Glass Guard for Apple iPhone 8, Apple ...",3.8,179
108,FIRST IMPRESSION Tempered Glass Guard for Apple iPhone ...,3.7,199
109,Raptas Earphone Cable Organizer Accessory Combo for Mob...,1.0,199
110,Power Tempered Glass Guard for Apple iPhone 5s,3.0,259
111,BlackBug Back Screen Guard for Apple iPhone XS,4.1,238
112,RiverForest Edge To Edge Tempered Glass for iphone 11 P...,5.0,119
113,Raptas Docking Station Accessory Combo for Mobile,5.0,199
114,Bodoma Edge To Edge Tempered Glass for Apple Iphone 11/...,3.7,189
115,Heartly Tempered Glass Guard for Apple iPhone 5C,1.0,439
116,Tough Lee Tempered Glass Guard for Apple iPhone 7 Plus,1.0,259
117,Snooky Screen Guard for Apple Iphone 5c,3.1,425
118,BlackBug Back Screen Guard for Apple iPhone 8 Plus,1.0,198
119,Supreno Docking Station Accessory Combo for All Smartph...,1.0,479
120,Snooky Camera Lens Protector for Apple Iphone 5,3.8,189
121,Heartly Tempered Glass Guard for Apple iPhone 5 5S 5G,1.0,119
122,Power Tempered Glass Guard for Apple iPhone 5s,1.0,238
123,RhinoShield Screen Guard for Apple iPhone 11 Pro,3.9,1129
124,Power Tempered Glass Guard for Apple iPhone 6s Plus,3.6,238
125,Tiger MAX Tempered Glass Guard for Apple iPhone 7 Plus,3.3,299
126,SHIELD Tempered Glass Guard for Apple iPhone 6s,3.8,199
127,FIRST IMPRESSION Tempered Glass Guard for Apple iPhone ...,3.0,201
128,SHIELD Tempered Glass Guard for Apple iPhone X,4.3,119
129,Raptas Case Accessory Combo for All Smartphone and IOS,3.5,599
130,Heartly iPhone & Android Phone 2 In 1 OTG Mini USB Cool...,3.5,199
131,Bodoma Tempered Glass Guard for Apple iPhone X,4.0,499
132,FIRST IMPRESSION Front and Back Tempered Glass for Appl...,3.9,179
133,RhinoShield Screen Guard for Apple iPhone 11 Pro Max,5.0,425
134,BlackBug Back Screen Guard for Apple iPhone 5,5.0,199
135,SHIELD Tempered Glass Guard for Apple iPhone 6s,3.6,201
136,Power Tempered Glass Guard for Apple iPhone 7,2.0,299
137,Power Tempered Glass Guard for Apple iPhone SE,2.0,189
138,Power Tempered Glass Guard for Apple iPhone SE,3.5,1299
139,Ravbelli Edge To Edge Tempered Glass for Apple iPhone 6...,5.0,179
140,Snooky Camera Lens Protector for Apple iPhone 6 Plus,5.0,299
141,Power Tempered Glass Guard for Apple iPhone 5,4.5,179
142,Snooky Camera Lens Protector for Apple iPhone 6,5.0,199
143,Ravbelli Edge To Edge Tempered Glass for Apple Iphone 6...,1.0,199
144,Richuzers Edge To Edge Tempered Glass for Apple iPhone ...,3.5,1559
145,SHIELD Tempered Glass Guard for Apple iPhone 7,2.0,399
146,SHIELD Tempered Glass Guard for Apple iPhone SE,2.0,199
